Skills,Topics
"ServiceNow Tech Hiring Challenge | September 23, 2023",20th September 2023
Cisco Hack to Secure Challenge 2023,26th March 2023
DTCC CODE-A-THON from 10th Aug'22 to 12th Aug'22,12th August 2022
Akamai Edge Hackathon 2022,30th July 2022
the MSCI Developer Challenge India 2022 on June 18th,18th June 2022
Amazon Last Mile Coding Challenge 2022,2th April 2022
ServiceNow Women Code to Win,11th February 2022
Justice League 1639642697,16th December 2021
ROUND1 1615978377,19th March 2021
Hack the Interview V (U.S.),29th June 2020
Hack the Interview V (Asia Pacific),29th June 2020
Hack the Interview IV (U.S.),1th June 2020
Hack the Interview IV (Asia Pacific),1th June 2020
Hack the Interview II - Global,27th April 2020
codEnigma 7.0,27th March 2020
iiitv.init(advanced),2th October 2019
